Research ID,Raw Skill,Skill Tag,Correlation Coefficient
70241308,financial data,ESCO.7,0.8845625408581438
70241308,financial data,ESCO.12,0.8715494414881902
70241308,financial data,ESCO.25,0.8776587681557584
70241308,financial data,ESCO.33,0.9228480316680742
70241308,financial data,ESCO.44,0.9179081553665875
70241308,financial data,ESCO.70,0.8932571764840672
70241308,financial data,ESCO.192,0.8969676523208019
70241308,financial data,ESCO.223,0.8745885090447924
70241308,financial data,ESCO.224,0.8909803385493228
70241308,financial data,ESCO.229,0.9094396209504814
70241308,financial data,ESCO.299,0.9002227590486476
70241308,financial data,ESCO.315,0.8626774394841255
70241308,financial data,ESCO.341,0.8586981966863073
70241308,financial data,ESCO.354,0.9185874338521507
70241308,financial data,ESCO.373,0.8556886386719151
70241308,financial data,ESCO.394,0.8502913268916279
70241308,financial data,ESCO.409,0.90601481076672
70241308,financial data,ESCO.433,0.9325686410378344
70241308,financial data,ESCO.508,0.9164717023428105
70241308,financial data,ESCO.535,0.8784030166836497
70241308,financial data,ESCO.566,0.8700566368708665
70241308,financial data,ESCO.611,0.8508282692556616
70241308,financial data,ESCO.646,0.8603705021677394
70241308,financial data,ESCO.686,0.8610886430334038
70241308,financial data,ESCO.757,0.9293943586923527
70241308,financial data,ESCO.766,0.9099242742064144
70241308,financial data,ESCO.793,0.8722142430696428
70241308,financial data,ESCO.795,0.9302216558574267
70241308,financial data,ESCO.815,0.894680340107428
70241308,financial data,ESCO.816,0.9187753214515231
70241308,financial data,ESCO.831,0.9007723870104889
70241308,financial data,ESCO.841,0.8844056968457451
70241308,financial data,ESCO.843,0.8887081692927331
70241308,financial data,ESCO.864,0.9154888611961818
70241308,financial data,ESCO.976,0.8757027267286794
70241308,financial data,ESCO.991,0.9312837719732631
70241308,financial data,ESCO.1019,0.8951226454808441
70241308,financial data,ESCO.1125,0.9165852940977617
70241308,financial data,ESCO.1133,0.9130395509047241
70241308,financial data,ESCO.1186,0.8942065886333488
70241308,financial data,ESCO.1211,0.910012778844034
70241308,financial data,ESCO.1214,0.8666964392709895
70241308,financial data,ESCO.1243,0.8729159336050416
70241308,financial data,ESCO.1255,0.8513845448704085
70241308,financial data,ESCO.1265,0.8657171871617041
70241308,financial data,ESCO.1267,0.8959693002779912
70241308,financial data,ESCO.1276,0.8840394309278181
70241308,sql databases,ESCO.322,0.9106679892472246
70241308,data analysis,ESCO.7,0.8708454539762926
70241308,data analysis,ESCO.12,0.8624531955030054
70241308,data analysis,ESCO.25,0.9202907753669797
70241308,data analysis,ESCO.33,0.9394292081660005
70241308,data analysis,ESCO.44,0.9188460352511397
70241308,data analysis,ESCO.70,0.9007679395931137
70241308,data analysis,ESCO.192,0.8937881379723398
70241308,data analysis,ESCO.223,0.910918774771241
70241308,data analysis,ESCO.224,0.9566468902003245
70241308,data analysis,ESCO.229,0.911663047968875
70241308,data analysis,ESCO.299,0.9108551013237081
70241308,data analysis,ESCO.315,0.8596525211587119
70241308,data analysis,ESCO.341,0.8642313864345577
70241308,data analysis,ESCO.350,0.862148271296818
70241308,data analysis,ESCO.354,0.9411991266297812
70241308,data analysis,ESCO.394,0.866877669682327
70241308,data analysis,ESCO.409,0.9545954979327876
70241308,data analysis,ESCO.433,0.9296422282066729
70241308,data analysis,ESCO.508,0.9380345555569135
70241308,data analysis,ESCO.535,0.9154169891636849
70241308,data analysis,ESCO.566,0.8686100165933347
70241308,data analysis,ESCO.611,0.851811832249428
70241308,data analysis,ESCO.757,0.9671367036903882
70241308,data analysis,ESCO.766,0.8914475238752242
70241308,data analysis,ESCO.793,0.8925421617033469
70241308,data analysis,ESCO.795,0.905762457334386
70241308,data analysis,ESCO.815,0.8749665513583876
70241308,data analysis,ESCO.816,0.9167189632801281
70241308,data analysis,ESCO.831,0.9220827335870115
70241308,data analysis,ESCO.841,0.9024371129773651
70241308,data analysis,ESCO.843,0.8772471261580536
70241308,data analysis,ESCO.864,0.8965772149598188
70241308,data analysis,ESCO.963,0.8718334554324166
70241308,data analysis,ESCO.976,0.9093417684373672
70241308,data analysis,ESCO.991,0.9612125507530166
70241308,data analysis,ESCO.1006,0.8806751076361924
70241308,data analysis,ESCO.1019,0.9115537311624088
70241308,data analysis,ESCO.1056,0.8569678625395902
70241308,data analysis,ESCO.1125,0.9344951045132655
70241308,data analysis,ESCO.1133,0.9074590645912011
70241308,data analysis,ESCO.1186,0.9264045236854276
70241308,data analysis,ESCO.1211,0.9258365716573468
70241308,data analysis,ESCO.1214,0.8710311648688751
70241308,data analysis,ESCO.1243,0.8822194108078946
70241308,data analysis,ESCO.1255,0.8847878306691936
70241308,data analysis,ESCO.1267,0.9000455576445353
70241308,data analysis,ESCO.1276,0.9338674780676606
70241308,data migration,ESCO.7,0.9377235635916096
70241308,data migration,ESCO.12,0.871014663671844
70241308,data migration,ESCO.25,0.8708711281872318
70241308,data migration,ESCO.33,0.9182667888898549
70241308,data migration,ESCO.44,0.8984320943928
70241308,data migration,ESCO.70,0.9092432539533933
70241308,data migration,ESCO.154,0.858478318927711
70241308,data migration,ESCO.192,0.9064188263452451
70241308,data migration,ESCO.223,0.8972238712904019
70241308,data migration,ESCO.224,0.9008237478109478
70241308,data migration,ESCO.229,0.9316262278873899
70241308,data migration,ESCO.299,0.8956809298021224
70241308,data migration,ESCO.315,0.8762044186919491
70241308,data migration,ESCO.341,0.861480833865429
70241308,data migration,ESCO.350,0.8549946160246156
70241308,data migration,ESCO.354,0.9223127595200603
70241308,data migration,ESCO.394,0.8626694358450999
70241308,data migration,ESCO.409,0.9203107252773269
70241308,data migration,ESCO.433,0.9107939521963547
70241308,data migration,ESCO.508,0.9256713330958262
70241308,data migration,ESCO.535,0.9069011206814803
70241308,data migration,ESCO.566,0.8889366911941295
70241308,data migration,ESCO.646,0.8746498094698425
70241308,data migration,ESCO.686,0.8752457665084319
70241308,data migration,ESCO.757,0.9147599093019959
70241308,data migration,ESCO.766,0.905240252672429
70241308,data migration,ESCO.793,0.8887233788454693
70241308,data migration,ESCO.795,0.8953259429628024
70241308,data migration,ESCO.815,0.864132032645612
70241308,data migration,ESCO.816,0.9455264722984011
70241308,data migration,ESCO.831,0.8908325719415122
70241308,data migration,ESCO.841,0.890846867153147
70241308,data migration,ESCO.843,0.9031986585372366
70241308,data migration,ESCO.864,0.9078539602153891
70241308,data migration,ESCO.970,0.8704370983570306
70241308,data migration,ESCO.976,0.8778586457908356
70241308,data migration,ESCO.991,0.9406562341473267
70241308,data migration,ESCO.1019,0.8916406915685094
70241308,data migration,ESCO.1056,0.8756646955441545
70241308,data migration,ESCO.1125,0.8924678225680355
70241308,data migration,ESCO.1133,0.905515220625694
70241308,data migration,ESCO.1186,0.9031970081340841
70241308,data migration,ESCO.1211,0.9222860173269202
70241308,data migration,ESCO.1214,0.882804503705492
70241308,data migration,ESCO.1243,0.908976746015558
70241308,data migration,ESCO.1255,0.8619089436200259
70241308,data migration,ESCO.1267,0.9149294528443931
70241308,data migration,ESCO.1276,0.8914430381887319
70241308,unstructured data,ESCO.7,0.9110040715288692
70241308,unstructured data,ESCO.12,0.8849457452610581
70241308,unstructured data,ESCO.25,0.9003592256821166
70241308,unstructured data,ESCO.33,0.9451851099166856
70241308,unstructured data,ESCO.44,0.9143274988270655
70241308,unstructured data,ESCO.70,0.9236599398754681
70241308,unstructured data,ESCO.154,0.8519512733467673
70241308,unstructured data,ESCO.192,0.9177224992679812
70241308,unstructured data,ESCO.223,0.9257523810478226
70241308,unstructured data,ESCO.224,0.9309456228314389
70241308,unstructured data,ESCO.229,0.9308684298657742
70241308,unstructured data,ESCO.299,0.9424652130993786
70241308,unstructured data,ESCO.315,0.8864564573378586
70241308,unstructured data,ESCO.341,0.8884683264458019
70241308,unstructured data,ESCO.350,0.8613417346003166
70241308,unstructured data,ESCO.354,0.955927067692539
70241308,unstructured data,ESCO.373,0.872960922017253
70241308,unstructured data,ESCO.394,0.879947572439521
70241308,unstructured data,ESCO.409,0.9344027465956222
70241308,unstructured data,ESCO.433,0.9371462532382306
70241308,unstructured data,ESCO.484,0.8532615628724793
70241308,unstructured data,ESCO.508,0.9468624068204299
70241308,unstructured data,ESCO.535,0.916960679253739
70241308,unstructured data,ESCO.566,0.8896709558885544
70241308,unstructured data,ESCO.611,0.8769144185653287
70241308,unstructured data,ESCO.646,0.8514702688212256
70241308,unstructured data,ESCO.686,0.8707620573986076
70241308,unstructured data,ESCO.724,0.8520010895504678
70241308,unstructured data,ESCO.757,0.9592061805754627
70241308,unstructured data,ESCO.766,0.9150595886296061
70241308,unstructured data,ESCO.793,0.9046340210796049
70241308,unstructured data,ESCO.795,0.9278081660847234
70241308,unstructured data,ESCO.815,0.8965224564376217
70241308,unstructured data,ESCO.816,0.9379885266362444
70241308,unstructured data,ESCO.831,0.9322345254717267
70241308,unstructured data,ESCO.841,0.9362723511025837
70241308,unstructured data,ESCO.843,0.9127907087394302
70241308,unstructured data,ESCO.864,0.9097793764225429
70241308,unstructured data,ESCO.963,0.8774245510140378
70241308,unstructured data,ESCO.970,0.8556353320163835
70241308,unstructured data,ESCO.976,0.8921816385599293
70241308,unstructured data,ESCO.991,1.0
70241308,unstructured data,ESCO.1006,0.8741951644196398
70241308,unstructured data,ESCO.1019,0.9074117538962694
70241308,unstructured data,ESCO.1053,0.8524404818502923
70241308,unstructured data,ESCO.1056,0.8720689081223105
70241308,unstructured data,ESCO.1086,0.8583356474825405
70241308,unstructured data,ESCO.1125,0.9182021120146963
70241308,unstructured data,ESCO.1133,0.9166459659778089
70241308,unstructured data,ESCO.1186,0.9236268811426455
70241308,unstructured data,ESCO.1211,0.9356296202494626
70241308,unstructured data,ESCO.1214,0.8963734906922536
70241308,unstructured data,ESCO.1243,0.9004739117376456
70241308,unstructured data,ESCO.1255,0.9006174977208865
70241308,unstructured data,ESCO.1267,0.9247487322307243
70241308,unstructured data,ESCO.1276,0.9377305964019954
70241308,systems logic,ESCO.89,0.8542456679920378
70241308,systems logic,ESCO.172,0.8692914654659718
70241308,systems logic,ESCO.502,0.8908400844671259
70241308,systems logic,ESCO.834,0.8520921510276791
70241308,systems logic,ESCO.863,0.8511344243120236
70241308,systems logic,ESCO.916,0.8776124419603257
70241308,systems logic,ESCO.1025,0.9044700113842161
70241308,systems logic,ESCO.1079,0.88429344388752
70241308,systems logic,ESCO.1184,0.8602403813504191
